-- phpMyAdmin SQL Dump
-- version 5.2.1
-- https://www.phpmyadmin.net/
--
-- Host: 127.0.0.1
-- Waktu pembuatan: 12 Bulan Mei 2024 pada 11.28
-- Versi server: 10.4.28-MariaDB
-- Versi PHP: 8.2.4

SET SQL_MODE = "NO_AUTO_VALUE_ON_ZERO";
START TRANSACTION;
SET time_zone = "+00:00";


/*!40101 SET @OLD_CHARACTER_SET_CLIENT=@@CHARACTER_SET_CLIENT */;
/*!40101 SET @OLD_CHARACTER_SET_RESULTS=@@CHARACTER_SET_RESULTS */;
/*!40101 SET @OLD_COLLATION_CONNECTION=@@COLLATION_CONNECTION */;
/*!40101 SET NAMES utf8mb4 */;

--
-- Database: `parmaksianschool`
--

-- --------------------------------------------------------

--
-- Struktur dari tabel `absensis`
--

CREATE TABLE `absensis` (
  `id` bigint(20) UNSIGNED NOT NULL,
  `user_id` bigint(20) UNSIGNED DEFAULT NULL,
  `tanggal` longtext DEFAULT NULL,
  `latitude` double DEFAULT NULL,
  `longitude` double DEFAULT NULL,
  `status` longtext DEFAULT NULL
) ENGINE=InnoDB DEFAULT CHARSET=utf8mb4 COLLATE=utf8mb4_general_ci;

--
-- Dumping data untuk tabel `absensis`
--

INSERT INTO `absensis` (`id`, `user_id`, `tanggal`, `latitude`, `longitude`, `status`) VALUES
(1, 1, '2024-05-09T23:59:00+07:00', 0, 0, 'Absen'),
(2, 1, '2024-05-11T23:59:00+07:00', 0, 0, 'Absen'),
(3, 3, '2024-05-11T23:59:00+07:00', 0, 0, 'Absen'),
(4, 4, '2024-05-11T23:59:00+07:00', 0, 0, 'Absen'),
(5, 5, '2024-05-11T23:59:00+07:00', 0, 0, 'Absen'),
(6, 6, '2024-05-11T23:59:00+07:00', 0, 0, 'Absen'),
(7, 7, '2024-05-11T23:59:00+07:00', 0, 0, 'Absen'),
(8, 8, '2024-05-11T23:59:00+07:00', 0, 0, 'Absen'),
(9, 9, '2024-05-11T23:59:00+07:00', 0, 0, 'Absen'),
(10, 10, '2024-05-11T23:59:00+07:00', 0, 0, 'Absen'),
(11, 11, '2024-05-11T23:59:00+07:00', 0, 0, 'Absen'),
(12, 12, '2024-05-11T23:59:00+07:00', 0, 0, 'Absen'),
(13, 13, '2024-05-11T23:59:00+07:00', 0, 0, 'Absen'),
(14, 14, '2024-05-11T23:59:00+07:00', 0, 0, 'Absen'),
(15, 15, '2024-05-11T23:59:00+07:00', 0, 0, 'Absen');

-- --------------------------------------------------------

--
-- Struktur dari tabel `admins`
--

CREATE TABLE `admins` (
  `id` bigint(20) UNSIGNED NOT NULL,
  `username` longtext DEFAULT NULL,
  `password` longblob DEFAULT NULL
) ENGINE=InnoDB DEFAULT CHARSET=utf8mb4 COLLATE=utf8mb4_general_ci;

--
-- Dumping data untuk tabel `admins`
--

INSERT INTO `admins` (`id`, `username`, `password`) VALUES
(1, 'admin', 0x2432612431302472523937306a6c74564c373555315a5a576b576f5375316559337668377567305736636d4b4741412f4f2f627a6b31493233763665);

-- --------------------------------------------------------

--
-- Struktur dari tabel `kelas`
--

CREATE TABLE `kelas` (
  `id` bigint(20) UNSIGNED NOT NULL,
  `nama_kelas` varchar(100) NOT NULL
) ENGINE=InnoDB DEFAULT CHARSET=utf8mb4 COLLATE=utf8mb4_general_ci;

--
-- Dumping data untuk tabel `kelas`
--

INSERT INTO `kelas` (`id`, `nama_kelas`) VALUES
(1, 'X IPA 1'),
(2, 'X IPA 2'),
(3, 'XI IPA 1'),
(4, 'XI IPS 1'),
(5, 'XII IPA 1'),
(6, 'XII IPS 1');

-- --------------------------------------------------------

--
-- Struktur dari tabel `pengajars`
--

CREATE TABLE `pengajars` (
  `id` bigint(20) UNSIGNED NOT NULL,
  `NIP` bigint(20) DEFAULT NULL,
  `nama_depan` longtext DEFAULT NULL,
  `nama_belakang` longtext DEFAULT NULL,
  `bidang` longtext DEFAULT NULL,
  `email` varchar(191) DEFAULT NULL,
  `alamat` longtext DEFAULT NULL,
  `agama` longtext DEFAULT NULL,
  `tanggal_lahir` longtext DEFAULT NULL,
  `jenis_kelamin` longtext DEFAULT NULL,
  `urlphoto` longtext DEFAULT NULL
) ENGINE=InnoDB DEFAULT CHARSET=utf8mb4 COLLATE=utf8mb4_general_ci;

--
-- Dumping data untuk tabel `pengajars`
--

INSERT INTO `pengajars` (`id`, `NIP`, `nama_depan`, `nama_belakang`, `bidang`, `email`, `alamat`, `agama`, `tanggal_lahir`, `jenis_kelamin`, `urlphoto`) VALUES
(1, 87654321, 'guru', 'guru', 'Matematika', 'guru@gmail.com', 'guru', 'Kristen Protestan', '1993-11-23', 'Lainnya', 'http://localhost:5000/api/pengajar/uploads/pengajar/notion_10.png'),
(2, 12321232, 'guru2', 'guru2', 'Matematika', 'guru2@gmail.con', 'guru2', 'Islam', '2024-05-08', 'Perempuan', 'http://localhost:5000/api/pengajar/uploads/pengajar/memo_4.png'),
(3, 2321232, 'guru3', 'guru3', 'Bahasa Indonesia', 'guru3@gmail.com', 'guru3', 'Kristen Protestan', '1992-12-31', 'Laki-Laki', 'http://localhost:5000/api/pengajar/uploads/pengajar/memo_1.png');

-- --------------------------------------------------------

--
-- Struktur dari tabel `pengumumen`
--

CREATE TABLE `pengumumen` (
  `id` bigint(20) UNSIGNED NOT NULL,
  `judul` varchar(100) NOT NULL,
  `urlphoto` longtext DEFAULT NULL,
  `isi` longtext DEFAULT NULL,
  `created_at` longtext DEFAULT NULL,
  `updated_at` longtext DEFAULT NULL
) ENGINE=InnoDB DEFAULT CHARSET=utf8mb4 COLLATE=utf8mb4_general_ci;

--
-- Dumping data untuk tabel `pengumumen`
--

INSERT INTO `pengumumen` (`id`, `judul`, `urlphoto`, `isi`, `created_at`, `updated_at`) VALUES
(1, 'kjk', 'http://localhost:5000/api/pengumuman/uploads/pengumuman/Sabun Cuci Piring.jfif', '<p>nnmm</p>', '2024-05-10T00:04:26+07:00', '2024-05-10T00:04:26+07:00');

-- --------------------------------------------------------

--
-- Struktur dari tabel `rosters`
--

CREATE TABLE `rosters` (
  `id` bigint(20) UNSIGNED NOT NULL,
  `mata_pelajaran` longtext NOT NULL,
  `waktu_mulai` longtext NOT NULL,
  `waktu_selesai` longtext NOT NULL,
  `kelas_id` bigint(20) UNSIGNED DEFAULT NULL,
  `hari` longtext NOT NULL,
  `pengajar_id` bigint(20) UNSIGNED DEFAULT NULL
) ENGINE=InnoDB DEFAULT CHARSET=utf8mb4 COLLATE=utf8mb4_general_ci;

--
-- Dumping data untuk tabel `rosters`
--

INSERT INTO `rosters` (`id`, `mata_pelajaran`, `waktu_mulai`, `waktu_selesai`, `kelas_id`, `hari`, `pengajar_id`) VALUES
(1, 'Matematika', '23:48', '14:45', 2, 'Jumat', 1);

-- --------------------------------------------------------

--
-- Struktur dari tabel `tanya_jawabs`
--

CREATE TABLE `tanya_jawabs` (
  `id` bigint(20) UNSIGNED NOT NULL,
  `pertanyaan` longtext DEFAULT NULL,
  `jawaban` longtext DEFAULT NULL,
  `tanggal_tanya` longtext DEFAULT NULL,
  `tanggal_jawab` longtext DEFAULT NULL,
  `admin_id` bigint(20) UNSIGNED DEFAULT NULL,
  `user_id` bigint(20) UNSIGNED DEFAULT NULL
) ENGINE=InnoDB DEFAULT CHARSET=utf8mb4 COLLATE=utf8mb4_general_ci;

--
-- Dumping data untuk tabel `tanya_jawabs`
--

INSERT INTO `tanya_jawabs` (`id`, `pertanyaan`, `jawaban`, `tanggal_tanya`, `tanggal_jawab`, `admin_id`, `user_id`) VALUES
(1, 'Apa Lauk?', '<p>jj</p>', '2024-05-10T00:05:28+07:00', '2024-05-10T00:05:55+07:00', 1, 1);

-- --------------------------------------------------------

--
-- Struktur dari tabel `users`
--

CREATE TABLE `users` (
  `id` bigint(20) UNSIGNED NOT NULL,
  `nisn` bigint(20) DEFAULT NULL,
  `nama_depan` longtext DEFAULT NULL,
  `nama_belakang` longtext DEFAULT NULL,
  `kelas_id` bigint(20) UNSIGNED DEFAULT NULL,
  `agama` longtext DEFAULT NULL,
  `email` varchar(191) DEFAULT NULL,
  `alamat` longtext DEFAULT NULL,
  `tanggal_lahir` longtext DEFAULT NULL,
  `jenis_kelamin` longtext DEFAULT NULL,
  `urlphoto` longtext DEFAULT NULL,
  `password` longblob DEFAULT NULL
) ENGINE=InnoDB DEFAULT CHARSET=utf8mb4 COLLATE=utf8mb4_general_ci;

--
-- Dumping data untuk tabel `users`
--

INSERT INTO `users` (`id`, `nisn`, `nama_depan`, `nama_belakang`, `kelas_id`, `agama`, `email`, `alamat`, `tanggal_lahir`, `jenis_kelamin`, `urlphoto`, `password`) VALUES
(1, 12345678, 'siswa', 'siswa', 1, 'Kristen Protestan', 'siswa@gmail.com', 'siswa', '2000-12-24', 'Lainnya', 'http://localhost:5000/api/siswa/uploads/siswa/toon_9.png', 0x24326124313424394b506d4d4f693844617a58345153545457517a6d2e4f506b6d42466e376e38326f6a58346d4330503566504d5a4778366e507657),
(3, 72443776, 'AHMAD HUSIN', 'SITORUS', 4, 'Islam', 'ahmad@gmail.com', 'TANGGA BATU II', '2007-03-28', 'Laki-Laki', '', 0x2432612431342463345678626a51467276324c436b6c72692f6f526f2e496f50746b5a4c33534467614a41374345393874536e6563764539677a5571),
(4, 77320632, 'Aldo Frengki', 'Napitupulu', 3, 'Kristen', 'aldo@gmail.com', 'Sosor Ladang', '2007-08-01', 'Laki-Laki', '', 0x24326124313424342e6e7a4f53636e394e2e3067622e646252502f4d4f616b7570597130434f443157523939617743436b49456d5869714c3577584f),
(5, 62634096, 'ANASTASYA', 'SITORUS', 4, 'Kristen', 'anastasya@gmail.com', 'Sosor Ladang', '2006-02-07', 'Perempuan', '', 0x243261243134244f746537484a7330496e4c627772634a4e2e6d52794f5967337667795247706779614a756941677a77474769306b7778487849372e),
(6, 66760087, 'Angellica', 'Febryanti', 3, 'Kristen', 'angellica@gmail.com', 'Kaliangsana', '2006-02-07', 'Perempuan', '', 0x2432612431342452734d7152362f4b5379436841766b6851517754564f73686f38317547314d424d516c6434624130502f4755616831463067715261),
(7, 52113731, 'Anggiat Manuarang', 'Marpaung', 4, 'Kristen', 'anggiat@gmail.com', 'Sitorang Jae', '2005-07-01', 'Laki-Laki', '', 0x243261243134244c39306b4f306b583341356b584449794953676a696541584257593549573047544e654c4242394b715a57645863416b76754c5269),
(8, 73743617, 'ARYA NANDA', 'FAHREZI', 4, 'Islam', 'arya@gmail.com', 'GG.MESJID', '2007-09-10', 'Laki-Laki', '', 0x2432612431342477316b466d496a54745a576b326d505a4c4d484473657341396862583030393539727979594a58674539416349674758496e4b6a61),
(9, 77849404, 'Asfina Fidia', 'Sitorus', 3, 'Kristen', 'asfina@gmail.com', 'Sitorus Dolok', '2007-02-06', 'Perempuan', '', 0x2432612431342475745672614a67594b64376969524237736234536a6543595a794653637970714c6832616c50572e51535959732e6e65644768712e),
(10, 74714526, 'Bill Clinton', 'Sitorus', 3, 'Kristen', 'bill@gmail.com', 'Lumban Holbung', '2007-06-27', 'Perempuan', '', 0x2432612431342449376b78364d673655787070457a3050596a51437a75365956596a414a3136324d666c534b6e734f554f7549364130506f59466a32),
(11, 67936134, 'Bintang Muhammad Rezky', 'Sitorus', 4, 'Islam', 'bintang@gmail.com', 'Dolok Nauli', '2006-04-20', 'Laki-Laki', '', 0x243261243134247670547652716a354e2f4162592f57364a68316a347573336e773353353063714d5a354a467246697974636939546c4d694a797675),
(12, 69534135, 'Boston Cornelius Haikal', 'Sirait', 4, 'Kristen', 'boston@gmail.com', 'Jln.Sabam Sirait', '2006-09-01', 'Laki-Laki', '', 0x2432612431342464494341456234377041616a686d424e7377626d796544314359316f453463356365727354714f4c31445535664b325a7951564157),
(13, 66760657, 'Burju Pardamean', 'Sitorus', 4, 'Kristen', 'burju@gmail.com', 'Sosor Ladang', '2006-11-21', 'Laki-Laki', '', 0x243261243134246c766b356d692f736e71617648645a362e77324d5765636e4b744a5877676c756f6745634b314a33426e45695163744763454f4857),
(14, 75249100, 'CARDODO SAMUEL', 'HASIBUAN', 3, 'Kristen', 'cardodo@gmai.com', 'Patane IV', '2007-08-15', 'Laki-Laki', '', 0x24326124313424384666444870762f3930566f5335356c68502e41454f7a5639536d34456948374e614d6b774a4435352e6434433539327a7a5a6d4b),
(15, 74642449, 'CHELSEA MICHELA', 'TAMPUBOLON', 3, 'Kristen', 'chelsea1@gmail.com', 'SOSOR SIHOBUK', '2007-09-28', 'Perempuan', '', 0x243261243134244e4f3053457857696e453068464c41387a315878742e3458624a6172416e336d416c7a644d77513633374267477837496179724379),
(16, 78902929, 'CHELSYA GLEDIS', 'SITUMORANG', 4, 'Kristen', 'chelsea2@gmail.com', 'SOSOR SIHOBUK', '2007-06-16', 'Perempuan', '', 0x2432612431342446614f41465a74774f387a744749685273596155324f4172797855474568525a5a45547769543677725945674f4e77797039512e61),
(17, 71965641, 'Christian Y.', 'Butar butar', 4, 'Kristen', 'christian@gmail.com', 'SOSOR SIHOBUK', '2007-04-22', 'Laki-Laki', '', 0x24326124313424473979414133353741714f737545454661346a48436567354630724e344c52783551456a347a664338595245696d65544558354d4b),
(18, 75099555, 'Cornelius', 'Hutabarat', 3, 'Kristen', 'cornelius@gmail.com', 'Sosor Ladang', '2007-03-01', 'Laki-Laki', '', 0x243261243134245576394347524372442f506145615058653264587a654d71636556504a486c726f4b746f4659667048796347572e68453776694d47),
(19, 68279016, 'DAPRIL SURENDI', 'GULTOM', 4, 'Kristen', 'dapril@gmail.com', 'Parbagasan', '2007-04-23', 'Laki-Laki', '', 0x24326124313424334b5968794761754b4a3847512e777a44344d4a6f2e39356145547a75494463572f597a7742386c794579484d7a66503254583061),
(20, 64886941, 'DAUD HARYANTO', 'LUMBANTOBING', 3, 'Kristen', 'daud@gmail.com', 'Sosor Ladang', '2006-10-24', 'Laki-Laki', '', 0x24326124313424613565636f5242557a32733967674472767265357675535a363350366839413231706443497a696b495554766d596e306344415857),
(21, 79682230, 'Deanissa Margareth', 'Sitorus', 3, 'Kristen', 'deanissa@gmail.com', 'Simpang Empat', '2007-08-24', 'Perempuan', '', 0x24326124313424583365393769305179724e756e52776c3457674b692e496661724f35306b653232786c2f3170374e78596d636e522f48792f5a564b),
(22, 71946761, 'DENNIS IQNATIUS', 'SITUMORANG', 3, 'Kristen', 'dennis@gmail.com', 'Siruar', '2007-10-04', 'Laki-Laki', '', 0x24326124313424716655325a544e48417a49554a2f3738695a7071587542435a6a70436d2f6d6e4c65354257666e5146787a347870454a716d364a4b),
(23, 74158924, 'DIKY', 'WAHYUDI', 4, 'Islam', 'diky@gmail.com', 'JL.MESJID', '2007-01-05', 'Laki-Laki', '', 0x2432612431342452666c75316d776b53717634566c4a58796734394f4f5041626b474865745a65713148684841566c366e6d33526d70534d2e667157),
(24, 78183234, 'Elsa ', 'Sinaga', 3, 'Kristen', 'elsa@gmail.com', 'Prof Dr Midian Sirait', '2007-03-13', 'Perempuan', '', 0x243261243134244a566b3045666b4850516a4c666a6f5844655330794f304665387a71514c376b35545531615049716e724a494646317a6f4a612f57),
(25, 68592970, 'FEBRIANTO', 'SIANIPAR', 4, 'Kristen', 'febrianto@gmail.com', 'GALAGALA PANGKAILAN', '2006-10-26', 'Laki-Laki', '', 0x2432612431342441676556794d4c55335a766c2f55397365584f32567549784b636e754a706c33584e79516634456a41523171776a42312f4e774c53),
(26, 75467356, 'GANDA PANDAPOTAN', 'MARPAUNG', 4, 'Kristen', 'ganda@gmail.com', 'LUMBAN TOBA', '2007-04-18', 'Laki-Laki', '', 0x243261243134244941507337474858547334684830725639494d44752e53304e33356a5570716d44443643567342364d67335a56725274614d43642e),
(27, 81806415, 'GLORIA ADELINA', 'SIMAREMARE', 3, 'Kristen', 'gloria@gmail.com', 'GALA - GALA PANGKAILAN', '2008-01-09', 'Perempuan', '', 0x243261243134244c6d6f49784d774466704c706e745977443668796e75636d72583651424c73466853456356487630756370574c644b72336263716d),
(28, 81338280, 'GRACE .A.', 'DOLOKSARIBU', 3, 'Kristen', 'grace@gmail.com', 'Doloksaribu Janjimatogu', '2008-01-04', 'Perempuan', '', 0x243261243134246a744c50375a4f4a306a735930327a4c2e475844334f7847616b4854446a6a5a6c68512f7257736178415452553058647a56457769),
(29, 76322254, 'GRACIA NOVELINDA M.', 'SIHOTANG', 3, 'Kristen', 'gracia@gmail.com', 'Janji Matogu', '2007-11-01', 'Perempuan', '', 0x243261243134244d74366d6c346c344c5a4c51666f586b714455547a755355502e3952796c45727a65696e646b495a6e4668594c6e4f616233695169),
(30, 72384230, 'GRACIA PERONIKA', 'SIBUEA', 3, 'Kristen', 'gracia2@gmail.com', 'Lumban Sirait', '2007-12-01', 'Perempuan', '', 0x243261243134244964746842644e35304e56727a47306a6b637373482e785a62724c7a794471743664767879797554647743506b6577714544577943),
(31, 62301951, 'Guntur Harianto', 'Manurung', 3, 'Kristen', 'guntur@gmail.com', 'Dolok Nauli', '2006-02-11', 'Laki-Laki', '', 0x2432612431342443746f66664f7257634d654378506e4d4f614d77614f4f464e4d6732736c376e4b5538363752706b34505046383049464e5568634f),
(32, 74108860, 'HAIKAL APRIZAL', 'TAMPUBOLON', 3, 'Kristen', 'haikal@gmail.com', 'SIRUAR', '2007-04-16', 'Laki-Laki', '', 0x2432612431342474672e563771723132726457596f723270694a79704f627552377a56694164345a7966754d4a695345355748666e444c4d45523169),
(33, 72056955, 'Herlina', 'Gultom', 3, 'Kristen', 'herlina@gmail.com', 'Dr.Ir.Bisuk Siahaan', '2007-01-18', 'Perempuan', '', 0x24326124313424767054772f49783350463854392f537349787448474f772f50456633304a455a38774174476c726261637a315854786b5952594757),
(34, 73832090, 'Hizkia', 'Hutapea', 4, 'Kristen', 'hizkia@gmail.com', 'Banjar Ganjang', '2007-02-21', 'Laki-Laki', '', 0x243261243134246c62737178494557634653384c7453565a41344f6f7563584a5167586134487068732f514c453434464164706e5153453930353171),
(35, 72432160, 'Imelda Makdalena', 'Gurning', 4, 'Kristen', 'imelda@gmail.com', 'Dr.Ir.Bisuk Siahaan', '2007-04-07', 'Perempuan', '', 0x243261243134243546516d7664696c374c735164796d7549434c374965525a306c48754b746b497639494f35682f553741785676526931387266452e),
(36, 72299877, 'IRMA SARTIKA', 'SIRAIT', 4, 'Kristen', 'irma@gmail.com', 'Dolok Nauli', '2007-07-29', 'Perempuan', '', 0x243261243134242f6d4538656b41436c35647079544e61496e4c36526530354f2e4a475935396c665a5a434d304d6d4b79714355516c4f72722f732e),
(37, 73000940, 'Jeremi', 'Sitorus', 3, 'Kristen', 'jeremi@gmail.com', 'Lumban Tongatonga', '2007-05-24', 'Laki-Laki', '', 0x243261243134244c334a7343312e47584f31347444727953546f3137654a5775426d555034726e5371743953556b627958345a4f792f537447385943),
(38, 73989176, 'JONATAN MARADONA', 'SITORUS', 4, 'Kristen', 'jonatan@gmail.com', 'GALA GALA PANGKAILAN', '2007-08-04', 'Laki-Laki', '', 0x24326124313424313530674e543735583834496777376977487957512e734f6d2e7343776571743647576d2f777458774c306970333566524869736d),
(39, 69137274, 'JOSHUA', 'SITORUS', 4, 'Kristen', 'joshua@gmail.com', 'Siraituruk', '2006-07-19', 'Laki-Laki', '', 0x24326124313424634432346b4a6a326e76746a4135387a2f4d2e6e544f75506639773845737531566a4c6d556250314f326546614634784146496947),
(40, 77296736, 'JOSUA REYHAN', 'SIMANGUNSONG', 4, 'Kristen', 'josua@gmail.com', 'Onanrunggu', '2007-05-10', 'Laki-Laki', '', 0x243261243134243070647035654c58566462506241522f5731695a722e32714e52682f6941377559437062424e737a74476977784b66643947486365),
(41, 79654350, 'Kevin Parsaoran', 'Sitorus', 4, 'Kristen', 'kevin1@gmail.com', 'Sosor Ladang', '2007-03-11', 'Laki-Laki', '', 0x243261243134245931616671506a6c436d65796230725058347667654f736779473872506d58464e52624b4f2e433132347265734a49635966366e69),
(42, 43449826, 'KEVIN', 'TAMBUNAN', 4, 'Kristen', 'kevin2@gmail.com', 'Lumban Tambunan', '2005-06-07', 'Laki-Laki', '', 0x243261243134243479546953506731566d73414868696e55655a705675765434766b4175694242545730626a34516a44537543436733523558503969),
(43, 71919264, 'LESTARI I. M. ', 'MANURUNG', 4, 'Kristen', 'lestari@gmail.com', 'Parbagasan Janji Matogu', '2007-06-09', 'Perempuan', '', 0x243261243134243954426f6d6836446e4241753970654351587755454f6e2e4f734c4f44794d5330392f5a7373677a56494276326b76635a4f346157),
(44, 75684431, 'MAHARANI', 'MANURUNG', 4, 'Islam', 'maharani@gmail.com', 'LUMBAN MANURUNG', '2007-09-05', 'Perempuan', '', 0x2432612431342465736f7a47665672335263396d784852745535666e2e616a30685742776875397836314d516f564148326d53484677665734507247),
(45, 63838880, 'MAIKAEL VILOCO', 'HASIBUAN', 4, 'Kristen', 'maikel@gmail,com', 'Janji Matogu', '2006-05-13', 'Laki-Laki', '', 0x243261243134244564486765346956396f644d466d5a4c4b2e6677694f495133486a576a71766576524a46556162614b5574756c5065477a34567a71),
(46, 79091189, 'MARIA PASKAH BUNGA KATARINA', 'SIRAIT', 3, 'Katholik', 'maria@gmail.com', 'Bobotsari', '2007-04-06', 'Perempuan', '', 0x243261243134246c4e33615163356d344c31674556626d6a4b514c75754679596b6b67676965763562366a546a48336f7261747041513844686e4553),
(47, 73518621, 'MARVEL YUDHA PRASETYO', 'SITORUS', 4, 'Kristen', 'marvel@gmail.com', 'Sosor Ladang', '2007-08-12', 'Laki-Laki', '', 0x2432612431342451347631306965622f50456931454a45503072346365305232625a523065447435436d6d5154777542427868516775777051477469),
(48, 68684137, 'Mas Delima', 'Silaban', 3, 'Kristen', 'mas@gmail.com', 'Silandeung', '2006-11-09', 'Perempuan', '', 0x24326124313424444a6f664d526f6b4e5147514e4e69766a78457a4b65654e426371695035356931496d35715277367057312f7a4434774770783165),
(49, 64213742, 'Moan Polado', 'Pardede', 3, 'Kristen', 'moan@gmail.com', 'Mahato', '2006-06-10', 'Laki-Laki', '', 0x243261243134246d6b662f487459693763786a312f5159534d50514b2e38586a5a59344d7578324d3245324a30656c324f553341414e686b576d3361),
(50, 64180307, 'MUHAMMAD DAHLAN', 'GURNING', 4, 'Islam', 'muhammad@gmail.com', 'Lumban Gurning', '2006-11-12', 'Laki-Laki', '', 0x2432612431342464463244375531376e42337345565145502f627a492e75315a63774559346e62574b714e35303238634a476632544635573566724b),
(51, 72592697, 'Muhammad Wildan Al Qhifari', 'Sitorus', 4, 'Islam', 'muhammad2@gmail.com', 'JL. DR. Bisuk Siahaan', '2007-03-22', 'Laki-Laki', '', 0x243261243134246f72664b34624d484a36666d35414f425430634d52657a5152516e6a76613647576e3657674a636d686731394655312f75596c326d),
(52, 66358952, 'Nico Martin', 'Sitorus', 4, 'Kristen', 'nico@gmail.com', 'Banjar Ganjang', '2007-06-28', 'Laki-Laki', '', 0x2432612431342449674138495350726a74617459564e4b316743556a2e306a5a59424d49524963786a744f726b336a394737373761457a374a68364f),
(53, 54123510, 'NOVITA OCTAVIANA', 'MANURUNG', 4, 'Kristen', 'novita@gmail.com', 'Sosor Ladang', '2005-10-12', 'Perempuan', '', 0x2432612431342474424367414e4d486431632e49336345755a6d4c4d7532304f7a4541547573776667496850344b6c4231474d5a6d584377527a5443),
(54, 69128204, 'Peni Ayu Sari', 'Nainggolan', 3, 'Kristen', 'peni@gmail.com', 'Dolok Nauli', '2007-12-08', 'Perempuan', '', 0x243261243134245455775452497950576b59753838477456536d3374656638356f4d594f4d616677672f6a546b497237576e587977327a4c364f7157),
(55, 68773810, 'PURBALINA', 'MANURUNG', 4, 'Islam', 'purbalina@gmail.com', 'Lumban Huala', '2006-07-15', 'Perempuan', '', 0x24326124313424674e38624d5536725875417050525638612f365345754d656944592f66776f754d373834364f6e7369547a795a43366c644b75434b),
(56, 74113711, 'Putri Junita', 'Marpaung', 3, 'Kristen', 'putri@gmail.com', 'Dolok Nauli', '2008-06-20', 'Perempuan', '', 0x243261243134246d415257544e32724148584569552e706d72626d4b2e7147336370625263784261596c6d51724742366157325534354c426e746571),
(57, 71149372, 'RANDY RAYA ANDRIAN', 'SINAGA', 3, 'Kristen', 'randy@gmail.com', 'Sosor Ladang', '2007-10-10', 'Laki-Laki', '', 0x243261243134244e303632476c334671497a754167785567474b4e304f6e63685a38305158696d74426d4643624544736d77516a7135585737344a32),
(58, 75345419, 'Rasia Roberto', 'Siahaan', 4, 'Kristen', 'rasia@gmail.com', 'Sosor Ladang', '2007-06-18', 'Perempuan', '', 0x24326124313424796c43556b4c2f516c444357332e4f6765663872556538426e514d79375661476f6a616d786b69712f776e624c3750566578386369),
(59, 63783954, 'Resvi Agustin', 'Manurung', 4, 'Islam', 'resvi@gmail.com', 'Banjar Ganjang', '2006-08-20', 'Perempuan', '', 0x2432612431342465585042626c5678364c414e3545715739456d5a6a654f36635069523075664c3258627576517a7361743761557950677073583836),
(60, 65032611, 'Reza Pranata', 'Manurung', 4, 'Kristen', 'reza@gmail.com', 'PT.Torganda', '2006-11-12', 'Laki-Laki', '', 0x24326124313424626f627a6b3859384d76796657555279704b6e366b65704875464a37556b414c626842636174465475307959424844715166456932),
(61, 76572049, 'REZEKI', 'SITUMORANG', 3, 'Kristen', 'rezeki@gmail.com', 'SIRUAR', '2007-02-14', 'Perempuan', '', 0x243261243134244952776b623872747a347547346231727743337372755233654b4c30416d7a715750794156526f47597447324d4e45426973536c69),
(62, 67501144, 'RIDO CRISTIYAN', 'MANURUNG', 3, 'Kristen', 'rido@gmail.com', 'Dr.Ir.Bisuk Siahaan', '2006-10-01', 'Laki-Laki', '', 0x2432612431342449354657784f76654339614a6b4a3935656a6944532e464d59674b4b6369396333704154465651666f457657437a73785742786e47),
(63, 75908054, 'RIO', 'MARPAUNG', 3, 'Kristen', 'rio@gmail.com', 'Siantar Utara', '2007-04-10', 'Laki-Laki', '', 0x2432612431342472584c384d33327557522e4674436956694a386d2f756d78786e7a576847587337505544416136317136486f72716d337538636e36),
(64, 72649783, 'Risha Zalyati', 'Manurung', 4, 'Islam', 'risha@gmail.com', 'Banjar Ganjang', '2007-05-12', 'Perempuan', '', 0x243261243134247678667469486d45337730374e52364a6264416f6b2e324d4a6d74756368765832573076344762327971507052353448757938472e),
(65, 62974490, 'Rosmalina Br', 'Hutagalung', 3, 'Kristen', 'rosmalina@gmail.com', 'Padang Mahodang', '2006-11-01', 'Perempuan', '', 0x243261243134245a37335857776b38647a424d5578672e756c3376612e465a7039493769553277546d484b7449667533513643394244324f59486261),
(66, 73622776, 'Ruth Elisabeth', 'Sitorus', 3, 'Kristen', 'ruth@gmail.com', 'Lumban Sitorus', '2007-07-10', 'Perempuan', '', 0x243261243134244f784d337a41544d676e6a58427667514b4a3751364f5736785630574b716b4876506f38636b697979443553337168354c6b657869),
(67, 63424329, 'SANTI MADELINA', 'MARPAUNG', 3, 'Kristen', 'santi@gmail.com', 'Siantar Utara', '2006-07-09', 'Perempuan', '', 0x2432612431342475437765534a73317a48533454774f63515956745875365171666566447a7352796e575545672f79624a6e5a5265336e576562386d),
(68, 72262518, 'Saysia Xiomi', 'Siallagan', 3, 'Kristen', 'saysia@gmail.com', 'Gang Kemiri', '2007-02-22', 'Perempuan', '', 0x24326124313424454e7651646f5871635a30534f6458442e5938464f65724650306a716a307768574758573448307337796f43327631487347493171),
(69, 75784655, 'SITI SELVINA', 'MANURUNG', 4, 'Islam', 'siti@gmail.com', 'LUMBAN MANURUNG', '2007-01-09', 'Perempuan', '', 0x24326124313424326e434666553079594f704d557a436771454b3769656d4c434c3674594641584b7831526636317747444a5a364666727a46626536),
(70, 75368391, 'STEVEN MICHAEL BOYMA', 'SIMANGUNSONG', 3, 'Kristen', 'steven@gmail.com', 'SIRUAR', '2007-08-12', 'Laki-Laki', '', 0x2432612431342464425752426761715046306d5a6c6f4863467a72686530314d573230785a4e663165376674796a707a6149376767413478326d6171),
(71, 73308006, 'TETTI ARTA', 'SINURAT', 3, 'Kristen', 'tetti@gmail.com', 'Lumban Sinurat', '2007-12-02', 'Perempuan', '', 0x2432612431342474703749784773655657427838704874447144555a2e51504c4d5736594c7a69496a644f6c4b582f7347497a6a4462453576736b71),
(72, 77846846, 'Theresiana', 'Sigalingging', 3, 'Kristen', 'theresiana@gmail.com', 'Gang Saudara', '2007-04-07', 'Perempuan', '', 0x243261243134247a4f54764b554431655a6832354736632e716951734f4639587051626b79307a78673049534e50307a785a61506141436d6a425571),
(73, 78319260, 'Windy Bestari', 'Sitohang', 3, 'Kristen', 'windy@gmail.com', 'Sosor Ladang', '2007-01-26', 'Perempuan', '', 0x2432612431342457455954427a4a37507877626e4a7778734a3838622e624751714f367a48522f4f662f2f7232534254346c64566d466e682f615a4b),
(74, 66275333, 'Yuni Sarah Yessica', 'Sinaga', 3, 'Kristen', 'yuni@gmail.com', 'Sosor Ladang', '2006-10-22', 'Perempuan', '', 0x2432612431342437734c4d7945713676677861507768647433325a41754b614a32545341397a673763734976436675506b3639726642567a4133364f),
(75, 88496064, 'Afrilian', 'Larosa', 1, 'Kristen', 'adfrilian@gmail.com', 'Sosor Ladang', '2008-04-22', 'Perempuan', '', 0x243261243134246136715373715337566e346563656a664c2e537067656c3333656c77777571366664554c6c2f4d2e3376466961303254366a474e32),
(76, 84568129, 'ALDINI DAMAYANTHI', 'SITUMORANG', 2, 'Kristen', 'aldini@gmail.com', 'Pangombusan', '2008-06-28', 'Perempuan', '', 0x24326124313424612e354d6b646e3738516d5257644e766938694530656178646261326946544d6b2f5461497a4e484b534b46704630564955707071),
(77, 68764481, 'Amsal', 'Sinaga', 1, 'Kristen', 'amsal@gmail.com', 'Pangombusan', '2006-05-08', 'Laki-Laki', '', 0x24326124313424494e4377614a4c436c4f4e723957542f387a6b2f6f654f693468556458386776756a46664f45635753363957723545443069435036),
(78, 88585091, 'Andreas Bevan', 'Manurung', 2, 'Kristen', 'andreas@gmail.com', 'Sibuntuon', '2008-09-28', 'Laki-Laki', '', 0x2432612431342472624d484e4d6d4d4c2e7a6f672f343454326d70392e4477476c5450514c6b425253412e32545165457a73414b5a32553770533379),
(79, 79423212, 'ANNIS MARSHEILA', 'SIRAIT', 2, 'Kristen', 'annis@gmail.com', 'Dolok Nauli', '2007-06-04', 'Perempuan', '', 0x24326124313424566334387a5a3633787a796a514f503177694b5455755442537230686c4749684b7457684d5671756267556d6c654e5254614c5765),
(80, 86215029, 'Anta Sari', 'Sirait', 1, 'Kristen', 'anta@gmail.com', 'Sabam Sirait', '2008-08-09', 'Perempuan', '', 0x24326124313424676a306e6e35573161356b755654707a74654c31647549546e5265455a5857736a563746466f374d584238306c506b513150314d79),
(81, 71703158, 'CAHAYA HOTNIORA', 'TAMPUBOLON', 2, 'Kristen', 'cahaya@gmail.com', 'Jln Prof Dr Midian Sirait', '2008-03-15', 'Perempuan', '', 0x2432612431342438434a707238344935344f7346385076466d68675a654b6d687539724568364d42656f757962786b333533655a4e5a547a63376e65),
(82, 65235388, 'CANDY MANGASI', 'SIRAIT', 2, 'Kristen', 'candy@gmail.com', 'Dolok Nauli', '2006-04-04', 'Perempuan', '', 0x24326124313424614d53474651424761772e634778456563497a50344f74494c66595033612f31724238312f48624a34774c324b6d5547346d715132),
(83, 86563327, 'CHELSEA RAHEL', 'MANURUNG', 1, 'Kristen', 'chelsea3@gmail.com', 'Banjar Ganjang', '2008-06-29', 'Perempuan', '', 0x2432612431342479502f437966364a3950486c52782f5638744f2e324f416c6b435453625a71394c6a683234733934753251307a4c516c6961415147),
(84, 82043593, 'CHYNDI CHLAUDIA', 'BUTARBUTAR', 1, 'Kristen', 'chyindi@gmail.com', 'Pangombusan', '2008-04-01', 'Perempuan', '', 0x2432612431342462423977782e7566515a395a396744796c676f6f2f7564534e5469502f52307166764e5a46476d3354414a4f586f42417a4f6e4d4b),
(85, 79195508, 'Crespo Jesayas Pratama', 'Situmorang', 1, 'Kristen', 'crespo@gmail.com', 'Lumban Sihole', '2007-10-31', 'Laki-Laki', '', 0x24326124313424513463312f48316b32596663346d2f63484f4e3070754e5a682e38796971494d4c3678537854787278424e416b744248514c316753),
(86, 86050040, 'Daniel Fransisco', 'Sirait', 1, 'Kristen', 'daniel@gmail.com', 'Dolok Nauli', '2008-06-28', 'Laki-Laki', '', 0x24326124313424387369775350673645314f5433674154567a66547265392f416a4f4779514b6f70434175463653374876373766765561597a754871),
(87, 74771709, 'DENY BRYAN', 'BUTARBUTAR', 1, 'Kristen', 'deny@gmail.com', 'Lumban Butarbutar', '2008-06-28', 'Laki-Laki', '', 0x2432612431342455415141624d7837716f492f77683537704a35756e657844763743457333543261645469687753337956784a436e307476374e5847),
(88, 74219843, 'Dessy Ratnasari', 'Manurung', 2, 'Kristen', 'dessy@gmail.com', 'Dolok Nauli', '2007-09-01', 'Perempuan', '', 0x243261243134245a67413052787467754e5a796577756274645649772e415443677a326f7131726a6637494944366d2e785873364c2e52714e50596d),
(89, 89972650, 'Dikki Aditia', 'Marpaung', 2, 'Kristen', 'dikki@gmail.com', 'dikki@gmail.com', '2008-04-05', 'Laki-Laki', '', 0x24326124313424674976346b476a74554865616a4e6f395946335669657356414d36634b5552726b6736795030422e78324f47394c324b676c313975),
(90, 87622291, 'DWI APRIANA', 'SIBUEA', 1, 'Kristen', 'dwi@gmail.com', 'Pangombusan', '2008-04-11', 'Perempuan', '', 0x243261243134246f4e42766352506f74385570577478374b58486671754a33515a6f664733572e2f566b534156746f3254304e5279426d48766a7847),
(91, 89683488, 'Dwi Arya', 'Nadeak', 2, 'Kristen', 'dwi2@gmail.com', 'Pasar Baru', '2008-10-25', 'Perempuan', '', 0x24326124313424577257304154355371706f63674565634f6c594545653434474e4b5771496a6b436345444463435a6e5373354b7539676752737732),
(92, 86250386, 'EKLESIA NALARITA COILAL', 'SITORUS', 1, 'Kristen', 'eklesia@gmai.com', 'Komplek PT.TPL', '2008-09-20', 'Perempuan', '', 0x243261243134246c2e2f675a6c695475372f5265734553527a3835462e753076434c6e504945384f533649646f6c7154614e63536542596b75455643),
(93, 83120555, 'Elkesia', 'Situmorang', 1, 'Kristen', 'eklkesia@gmail.com', 'JL. SM RAJA NO 12', '2008-09-18', 'Perempuan', '', 0x24326124313424524b62794a5a563476793855726b316a436f7645592e35725a4b4672324a4c314b514e7a394c754c63677a706649763649637a5736),
(94, 84508819, 'ENJEL SRIHAYATI', 'SINAGA', 2, 'Katholik', 'enjel@gmail.com', 'Janji Nagodang', '2008-01-12', 'Perempuan', '', 0x243261243134246a62354b614149356f6b57522f7857444d5751523375306941316d634f6a392f454c4f334c6339725a4c68694d726d2e74424f7a43),
(95, 43257438, 'ENJELIN PARSAORAN', 'SIRAIT', 1, 'Kristen', 'anjelin@gmail.com', 'Pasar Baru', '2004-05-25', 'Perempuan', '', 0x2432612431342454775a563678416a6352722f645048442e637563492e565261376e5375344e67356241636947543164797361634437436e6c745847),
(96, 89618859, 'GABRIEL FERNANDES', 'MATONDANG', 1, 'Kristen', 'gabriel@gmail.com', 'Jonggi Manulus', '2008-03-17', 'Laki-Laki', '', 0x243261243134246b6c77307947434c5735534f6364454d2f5a2e7569757039556a6d2f58667763312e556c6a466b676c5a2e58616753326358525069),
(97, 82775495, 'HANNAULI', 'PANJAITAN', 1, 'Kristen', 'hanauli@gmail.com', 'GALAGALA PANGKAILAN', '2008-07-16', 'Perempuan', '', 0x243261243134242e2e6631534a766c6f64332f774c634571472f49312e4c6c527951314f79774947495245685445514e707879454d755a5673637271),
(98, 74317321, 'HENGKI', 'SITUMORANG', 2, 'Kristen', 'hengki@gmail.com', 'Lumban Sihole', '2007-11-06', 'Laki-Laki', '', 0x2432612431342477317562434b6632714579514a30656e30536b664e4f344748766e5a616d74786a6549574441792e3548503644414a657756617732),
(99, 85895420, 'JACKY W.J.', 'MANURUNG', 1, 'Kristen', 'jacky@gmail.com', 'Jonggi Manulus', '2008-09-18', 'Laki-Laki', '', 0x24326124313424573977336c37536f5632424d445a732e4e545771472e53366d42716a76644853554b52345334496e655730464a57716965756a4632),
(100, 89190839, 'JESSIKA LESTARIKA', 'SIRAIT', 1, 'Kristen', 'jessika@gmail.com', 'Lumban Sihole', '2008-02-22', 'Perempuan', '', 0x24326124313424726f736d3343364666596463534559316c4d675562656f4c482f576d6158744d495950354441653070694e795a70786d6166535857),
(101, 81610616, 'JODY JULMI TONGGO TULUS', 'MANURUNG', 1, 'Kristen', 'jody@gmail.com', 'Jonggi Manulus', '2008-04-06', 'Laki-Laki', '', 0x24326124313424494259676c5269614778732f613838424f544d622e756b52545a6d53414e75562e722f367942424f687575302f386435654f46514f),
(102, 86719971, 'KATRIN PAULINA SARI', 'MANURUNG', 1, 'Kristen', 'katrin@gmail.com', 'Siantar Utara', '2008-05-16', 'Perempuan', '', 0x2432612431342472386c3467452e59497a62687875746877446e69554f594d6d534e696b576a2e4e37655676796c4f6575716750382e6f766e436171),
(103, 79604813, 'KEPRIANTO', 'SITORUS', 2, 'Kristen', 'keprianto@gmail.com', 'Lumban Holbung', '2006-12-22', 'Laki-Laki', '', 0x243261243134244d52516165433878696e392f355751786b67555631656a777063516342767a5275576a4f5a516d3532704d64356a556a31726f6875),
(104, 88027850, 'Kevin', 'Manurung', 1, 'Kristen', 'kevin@gmail.com', 'Jl Prof Dr Midian Sirait', '2008-05-07', 'Laki-Laki', '', 0x2432612431342470452f6265486d2f49672f566f4f737258617131394f593667324c6b7034534376644430637a6a69744734347543617a4252516d79),
(105, 73739704, 'Kevin Oloan ', 'Sipayung', 2, 'Kristen', 'kevin3@gmail.com', 'Pangombusan', '2007-05-05', 'Laki-Laki', '', 0x2432612431342465366d457770506175515a63682e795378326f35612e535a694b684f426b4a6a634a7a4c392f4a424b6e63435a2f45544a35534f65),
(106, 72424658, 'Krisna Novelia', 'Manurung', 2, 'Kristen', 'krisna@gmail.com', 'Pangombusan', '2007-12-08', 'Perempuan', '', 0x2432612431342473396c673741594a6c38497a594768467364356d722e373979544868664130475572696b494a764b6a6e61426863386b7838734771),
(107, 88552150, 'LIA CHRISTANIA', 'OMPUSUNGGU', 1, 'Kristen', 'lia@gmail.com', 'SIRUAR', '2008-06-26', 'Perempuan', '', 0x243261243134244a6f306665772f714c437448682e4f32357445556a656c467a4b4c6b42753076575655307063795159627934514a2e45754b6d4a4b),
(108, 82964779, 'Lisna Agustina', 'Sinaga', 1, 'Kristen', 'lisna@gmail.com', 'Sosor Ladang', '2008-08-01', 'Perempuan', '', 0x2432612431342459634b4e503771393575303935336d5a6c725957557577436b336a565342594a574944564d2f72754b6c334f707a4d455a4f6d6e57),
(109, 76204613, 'LISTRA ATALIA', 'MANURUNG', 2, 'Kristen', 'listra@gmail.com', 'Lumban Sinusuk', '2007-03-20', 'Perempuan', '', 0x2432612431342477436b3557544343462e312e32624f6a773977684e2e464158484f35614e41794e7641476869656d34384130446a7441464a766c43),
(110, 85535820, 'LOUIS FABIANO', 'SITORUS', 1, 'Kristen', 'louis@gmail.com', 'Sosor Ladang', '2008-11-04', 'Laki-Laki', '', 0x2432612431342450366447555958496338724d625068764537564b6765586a4877507177694d676a4b7470634e4a384e7172576f4152505437364e65),
(111, 87604532, 'LUVITANI', 'SIRAIT', 2, 'Kristen', 'luvitani@gmail.com', 'Dolok Nauli', '2008-01-13', 'Perempuan', '', 0x243261243134246457616d6e67666e64597a3369782e3367382f564575666b6356316352393855433438636c6474595641474d4341644352584c6a32),
(112, 77217250, 'MAICHEL VINSI', 'BUTAR-BUTAR', 2, 'Kristen', 'maichael@gmail.com', 'Harean', '2007-08-27', 'Laki-Laki', '', 0x2432612431342470626b6647576b72465a37465768524731697a59692e586b75656f646d716f38426e32665a4d696f5565745653676f342f56723565),
(113, 77794535, 'Marcelino B.P.', 'Situmorang', 2, 'Kristen', 'marcelino@gmail.com', 'SOSOR SIHOBUK', '2007-03-22', 'Laki-Laki', '', 0x243261243134246f6e464b4c54656b346364422f543851373232586665773634446170524b70716a39476363544a542f43693867777075795157794b),
(114, 84866505, 'MEILANY HOTMAULI', 'SIMANGUNSONG', 2, 'Kristen', 'meilany@gmail.com', 'SIRUAR', '2008-05-22', 'Perempuan', '', 0x24326124313424496278664a347158634a75397863396656365235382e7179725a4d663251336f4c395546486e765735464c7272457452584949764f),
(115, 82597158, 'MELYANA STIVANY', 'MARPAUNG', 1, 'Kristen', 'melyana@gmail.com', 'SOSOR LADANG', '2008-05-22', 'Perempuan', '', 0x24326124313424716236616c5176317766626d6d7a663673666743494f414c4d68386b48532f69796d39627763636d68706b52593659677674354a71),
(116, 86969337, 'MIAN RIHANNA', 'SIRAIT', 2, 'Kristen', 'mian@gmail.com', 'Pasar Baru', '2008-09-21', 'Perempuan', '', 0x243261243134242f37387a494d5157365941564e465a5178484454494f327a52306854614761316b713231584c6c796d625748332f732e524c6f4f53),
(117, 76519575, 'Michael', 'Sirait', 1, 'Kristen', 'michael@gmail.com', 'Jln.Sabam Sirait', '2007-10-05', 'Laki-Laki', '', 0x2432612431342474797456626c4c67764f6f6b47443153424c6c774f2e31426f6278686f6c30644b52747344672e4e6556776c306552513474383475),
(118, 83283802, 'NADIYA OCTAVIA TESALONIKA BR', 'PANGGABEAN', 2, 'Kristen', 'nadiya@gmail.com', 'JL. Lapangan II Dsn VII', '2008-08-11', 'Perempuan', '', 0x243261243134243072572e38632f30796f43315244692e67646f2f4e2e7a70686965474375554343494166452f7643615549696e5263343278383065),
(119, 72650844, 'PANDU SANJAYA', 'SITUMORANG', 2, 'Kristen', 'pandu@gmail.com', 'Siantar Utara', '2007-03-31', 'Laki-Laki', '', 0x243261243134246e4f486575794f364f6636464d764731354d5038692e6e4d3943376c5a694e4d7a7155645947527046597358647330735954625a32),
(120, 88352006, 'Pantun Agung', 'Matondang', 1, 'Kristen', 'pantun@gmail.com', 'Jl.DI.Panjaitan', '2008-08-11', 'Laki-Laki', '', 0x2432612431342448584d6f47794b554b74693143463869433036394d2e7853327341335262766a74344e2f6b4272783376526b6377434d6974694c36),
(121, 86592653, 'Parasian', 'Purba', 1, 'Kristen', 'parasian@gmail.com', 'Sosor Ladang', '2008-01-01', 'Laki-Laki', '', 0x24326124313424766279636455654e457a4256433432644d42634c334f46714868375069616638485951367336415a3631354a7344567547514b5336),
(122, 76152437, 'Paul', 'Saragih', 2, 'Islam', 'paul@gmail.com', 'Sosor Ladang', '2007-06-16', 'Laki-Laki', '', 0x2432612431342436746a35762f417357573677305a645877322f37662e4e6b735a42375a516a5657357a5747516277357970624f554e716c6b745157),
(123, 84019532, 'PUJA DIVA O.', 'MANURUNG', 2, 'Kristen', 'puja@gmail.com', 'Komplek PT.TPL', '2008-05-09', 'Perempuan', '', 0x243261243134245a6b69486b43474d43786e684b61735761666f534d4f7548306e43652e4a784a34426c6e5636563838584c4844776455526f2f3443),
(124, 88987572, 'Rahel Pramita Ayu Cintawati', 'Manurung', 1, 'Kristen', 'rahel@gmail.com', 'Sosor Ladang', '2008-10-23', 'Perempuan', '', 0x24326124313424352f533662336941637657564652634e37743831534f35526c347044686d6e6a3256776770696930624d7a4a515869555867316336),
(125, 71754863, 'RANDY', 'SITORUS', 1, 'Kristen', 'randy2@gmail.com', 'Pangombusan', '2007-10-09', 'Laki-Laki', '', 0x243261243134244f524a5a416b746f764b32365937484a41783746394f445136664f42347a5265445a4250513957683632326475484f78672f743965),
(126, 87850293, 'Raysah', 'Manurung', 1, 'Islam', 'raysah@gmail.com', 'GALA GALA PANGKAILAN', '2008-02-05', 'Perempuan', '', 0x2432612431342479417862686a52587546444353572e7668427248396545416c6f6f6874394f7642764845706c48696b6a2e797954366c724c435157),
(127, 83921013, 'RICHART DONNER', 'SITORUS', 2, 'Kristen', 'richart@gmail.com', 'Lumban Holbung', '2008-04-03', 'Laki-Laki', '', 0x243261243134246743374a7a755156324f397335726d625047595873655252394e6f587a4b654d51634b5534313847584b70506f6c72754759704679),
(128, 83767651, 'Rikson Christian', 'Sirait', 1, 'Kristen', 'rikson@gmail.com', 'Dolok Nauli', '2008-12-22', 'Perempuan', '', 0x243261243134246961317871306a3246662f4a4f324e35744d772f44756d3238424c56594b2e4534626c2f4f464f386e592f5a587763717050693753),
(129, 71774968, 'RIPAI', 'MANURUNG', 2, 'Kristen', 'ripai@gmail.com', 'PT ABM TELUK PANJI', '2006-05-08', 'Laki-Laki', '', 0x24326124313424504370594630627a6653545845796f4f356e7465752e6967776841544c724a6d447472587a6931394e4a755361796b52736b4d5932),
(130, 82857514, 'Risky Andrian', 'Matondang', 2, 'Islam', 'risky@gmail.com', 'Jonggi Manulus', '2009-12-31', 'Laki-Laki', '', 0x2432612431342456594c4e6e32684a6937394c797575626c49504d5165356235613634645931756d43354135377964377864474f3931726f4e4a334f),
(131, 87384770, 'Roy Marten Moses', 'Butarbutar', 1, 'Kristen', 'roy@gmail.com', 'Harean', '2008-01-23', 'Laki-Laki', '', 0x24326124313424304d55454b576448686e727047355967594f684b354f4d5736396d667a5767616854577a5774714e696561433968795a6d497a5475),
(132, 81106481, 'Ruth Grecia Adprilla', 'Manurung', 2, 'Kristen', 'ruth2@gmail.com', 'SOSOR SIHOBUK', '2008-04-25', 'Perempuan', '', 0x243261243134242f537079752f6745576946624563305530595a48622e4d74424641797833507168793969754a664c4c67505a5a6444596555367153),
(133, 81106989, 'Ruth Revalina', 'Sirait', 1, 'Kristen', 'ruth3@gmail.com', 'Pasar Baru', '2008-07-07', 'Perempuan', '', 0x24326124313424563932373973763952464e77526b32435a6775382e653855345167504947316453417a504b4764786e44645256736a546e704b724b),
(134, 86510513, 'Sahara', 'Sinaga', 1, 'Islam', 'sahara@gmail.com', 'Sosor Ladang', '2008-02-09', 'Perempuan', '', 0x243261243134244f477a42556245666753573562393874334b47414b2e706a574c794c326f4a47505067364837677a7a457472777830737234763832),
(135, 87108847, 'Sarah Inriani', 'LumbanTobing', 1, 'Kristen', 'sarah@gmail.com', 'Sosor Ladang', '2008-08-12', 'Perempuan', '', 0x243261243134244658766c356d7175616e784470744f4e397a4a5379653235514c776935684957306f7875414f515574502e716b574a7354634a3743),
(136, 57742273, 'SARTIKA', 'SIRAIT', 2, 'Kristen', 'sartika@gmail.com', 'Pasar Baru', '2005-07-22', 'Perempuan', '', 0x243261243134247a414b595066685744645a2f35526a63365868346a755a397a693231314274364c343261504463352f55474559682f4d77784e6e79),
(137, 76488341, 'Simon', 'Manurung', 2, 'Kristen', 'simon@gmail.com', 'Sosor Ladang', '2008-05-05', 'Laki-Laki', '', 0x2432612431342446716a6833654f326848454b683963375a33445a6865466631473252686f4b59674a7a2f51434b3753764156457a45596d5a422f47),
(138, 83355541, 'SION S.', 'SIBUEA', 1, 'Kristen', 'sion@gmail.com', 'Lumban Sihole', '2009-04-05', 'Laki-Laki', '', 0x2432612431342441354a654e4e70684e435931422f745469755757482e685a6b4750323337353646423356306d6c3769667666386f506c4659333179),
(139, 79586160, 'THERESA APRILINA', 'MANURUNG', 2, 'Kristen', 'theresia@gmail.com', 'Jl Prof Dr Midian Sirait', '2007-04-01', 'Perempuan', '', 0x243261243134246257395745362e38484d726b425869564f6569672f75766c584c4973776d796e333863585252377937536a57746a7262496b2e2f47),
(140, 87195065, 'Trioctaviani', 'Sirait', 2, 'Kristen', 'tri@gmail.com', 'Dolok Nauli', '2008-10-18', 'Perempuan', '', 0x2432612431342437796633436f78555a33314355434167312e383745652e644d317056314c6470487765357563546331314b536334325a32434b6b57),
(141, 88198343, 'TRY YOSEFEL', 'MANURUNG', 2, 'Kristen', 'try@gmail.com', 'Simpang Empat', '2008-01-23', 'Laki-Laki', '', 0x243261243134246e5566342f4b6e726a536665785962716853316b702e365a4c73736f6639435a55586f5854645673784831306e346f75582f683875),
(142, 85847160, 'VAN ROBEN', 'MANURUNG', 1, 'Kristen', 'van@gmail.com', 'LUMBAN SIDAGUL', '2008-05-06', 'Laki-Laki', '', 0x243261243134244c39734574633479376335796469347573674c672e2e55463951643352586f625a2e77377359686369704b6779743361514d496579),
(143, 78641003, 'Wilda Anggriani', 'Waruwu', 2, 'Kristen', 'wilda@gmail.com', 'Sosor Ladang', '2007-10-16', 'Perempuan', '', 0x2432612431342446692e4b58686e364f546b32494c53556a334161552e677438565561533738796f4d6f712e4f6f7a764f72487673436b3532416d71),
(144, 83743597, 'Yehezkiel', 'Manurung', 2, 'Kristen', 'yehezkiel@gmail.com', 'Simpang Empat', '2008-07-10', 'Laki-Laki', '', 0x243261243134244e4c664656656332696454795069765969436935504f724f55333876334a7a496279452f6e6348317438315955786b553777505261),
(145, 85364820, 'Yemima', 'Sibuea', 1, 'Kristen', 'yemima@gmail.com', 'Lumban Sibuea', '2008-06-12', 'Perempuan', '', 0x24326124313424704339514148735a47686f2e2f44702f6761586a504f4f68696e723277394c4e4f55314834447545393952753854654266516b7369),
(146, 79380944, 'GRACE SHELA', 'MANURUNG', 2, 'Kristen', 'grace2@gmail.com', 'Banjar Ganjang', '2007-12-10', 'Perempuan', '', 0x24326124313424536143643854324170646245765863375863746831754e724673656f37793035723770796236415061684e46597a36787678676f4f);

--
-- Indexes for dumped tables
--

--
-- Indeks untuk tabel `absensis`
--
ALTER TABLE `absensis`
  ADD PRIMARY KEY (`id`),
  ADD KEY `fk_users_absensis` (`user_id`);

--
-- Indeks untuk tabel `admins`
--
ALTER TABLE `admins`
  ADD PRIMARY KEY (`id`);

--
-- Indeks untuk tabel `kelas`
--
ALTER TABLE `kelas`
  ADD PRIMARY KEY (`id`);

--
-- Indeks untuk tabel `pengajars`
--
ALTER TABLE `pengajars`
  ADD PRIMARY KEY (`id`),
  ADD UNIQUE KEY `uni_pengajars_n_ip` (`NIP`),
  ADD UNIQUE KEY `uni_pengajars_email` (`email`);

--
-- Indeks untuk tabel `pengumumen`
--
ALTER TABLE `pengumumen`
  ADD PRIMARY KEY (`id`);

--
-- Indeks untuk tabel `rosters`
--
ALTER TABLE `rosters`
  ADD PRIMARY KEY (`id`),
  ADD KEY `fk_pengajars_rosters` (`pengajar_id`),
  ADD KEY `fk_kelas_rosters` (`kelas_id`);

--
-- Indeks untuk tabel `tanya_jawabs`
--
ALTER TABLE `tanya_jawabs`
  ADD PRIMARY KEY (`id`),
  ADD KEY `fk_users_tanya_jawabs` (`user_id`),
  ADD KEY `fk_admins_tanya_jawab` (`admin_id`);

--
-- Indeks untuk tabel `users`
--
ALTER TABLE `users`
  ADD PRIMARY KEY (`id`),
  ADD UNIQUE KEY `uni_users_nisn` (`nisn`),
  ADD UNIQUE KEY `uni_users_email` (`email`),
  ADD KEY `fk_kelas_users` (`kelas_id`);

--
-- AUTO_INCREMENT untuk tabel yang dibuang
--

--
-- AUTO_INCREMENT untuk tabel `absensis`
--
ALTER TABLE `absensis`
  MODIFY `id` bigint(20) UNSIGNED NOT NULL AUTO_INCREMENT, AUTO_INCREMENT=16;

--
-- AUTO_INCREMENT untuk tabel `admins`
--
ALTER TABLE `admins`
  MODIFY `id` bigint(20) UNSIGNED NOT NULL AUTO_INCREMENT, AUTO_INCREMENT=2;

--
-- AUTO_INCREMENT untuk tabel `kelas`
--
ALTER TABLE `kelas`
  MODIFY `id` bigint(20) UNSIGNED NOT NULL AUTO_INCREMENT, AUTO_INCREMENT=7;

--
-- AUTO_INCREMENT untuk tabel `pengajars`
--
ALTER TABLE `pengajars`
  MODIFY `id` bigint(20) UNSIGNED NOT NULL AUTO_INCREMENT, AUTO_INCREMENT=4;

--
-- AUTO_INCREMENT untuk tabel `pengumumen`
--
ALTER TABLE `pengumumen`
  MODIFY `id` bigint(20) UNSIGNED NOT NULL AUTO_INCREMENT, AUTO_INCREMENT=2;

--
-- AUTO_INCREMENT untuk tabel `rosters`
--
ALTER TABLE `rosters`
  MODIFY `id` bigint(20) UNSIGNED NOT NULL AUTO_INCREMENT, AUTO_INCREMENT=2;

--
-- AUTO_INCREMENT untuk tabel `tanya_jawabs`
--
ALTER TABLE `tanya_jawabs`
  MODIFY `id` bigint(20) UNSIGNED NOT NULL AUTO_INCREMENT, AUTO_INCREMENT=2;

--
-- AUTO_INCREMENT untuk tabel `users`
--
ALTER TABLE `users`
  MODIFY `id` bigint(20) UNSIGNED NOT NULL AUTO_INCREMENT, AUTO_INCREMENT=147;

--
-- Ketidakleluasaan untuk tabel pelimpahan (Dumped Tables)
--

--
-- Ketidakleluasaan untuk tabel `absensis`
--
ALTER TABLE `absensis`
  ADD CONSTRAINT `fk_users_absensis` FOREIGN KEY (`user_id`) REFERENCES `users` (`id`);

--
-- Ketidakleluasaan untuk tabel `rosters`
--
ALTER TABLE `rosters`
  ADD CONSTRAINT `fk_kelas_rosters` FOREIGN KEY (`kelas_id`) REFERENCES `kelas` (`id`),
  ADD CONSTRAINT `fk_pengajars_rosters` FOREIGN KEY (`pengajar_id`) REFERENCES `pengajars` (`id`);

--
-- Ketidakleluasaan untuk tabel `tanya_jawabs`
--
ALTER TABLE `tanya_jawabs`
  ADD CONSTRAINT `fk_admins_tanya_jawab` FOREIGN KEY (`admin_id`) REFERENCES `admins` (`id`),
  ADD CONSTRAINT `fk_users_tanya_jawabs` FOREIGN KEY (`user_id`) REFERENCES `users` (`id`);

--
-- Ketidakleluasaan untuk tabel `users`
--
ALTER TABLE `users`
  ADD CONSTRAINT `fk_kelas_users` FOREIGN KEY (`kelas_id`) REFERENCES `kelas` (`id`);
COMMIT;

/*!40101 SET CHARACTER_SET_CLIENT=@OLD_CHARACTER_SET_CLIENT */;
/*!40101 SET CHARACTER_SET_RESULTS=@OLD_CHARACTER_SET_RESULTS */;
/*!40101 SET COLLATION_CONNECTION=@OLD_COLLATION_CONNECTION */;
